member_id,panel_id,window_id,panel_state,raw_path,raw_sha256,observed_attempts,observed_buy_legs,observed_sell_legs,quote_available,no_route,provider_error,invalid_response,timeout,first_reliable_available_at,last_reliable_available_at,actual_elapsed_from_member_p0_seconds,stop_reasons
T21-WATCH-29e2b75994975253bd74,P0,T21-WATCH-29e2b75994975253bd74-P0,OBSERVED,local/task21_forward/final_cohort/r2/run=r2-20260801T114657421057Z-7882ff946449/member=T21-WATCH-29e2b75994975253bd74/horizon=P0/raw_events.jsonl,9a880c74657ac25693d4804411da385e247aa637e511a91c2ff320d256ac5278,8,4,4,8,0,0,0,0,2026-08-01T11:46:59.010691Z,2026-08-01T11:47:14.333631Z,0.0,
T21-WATCH-29e2b75994975253bd74,P1,T21-WATCH-29e2b75994975253bd74-P1,OBSERVED,local/task21_forward/final_cohort/r2/p1/run=p1-20260801T122606020085Z-c66cbd9193f1/member=T21-WATCH-29e2b75994975253bd74/horizon=P1/raw_events.jsonl,e4216ee65212eaf2143174b3dacfa31b6c198f7ebd24a81b9f4166f95472d950,8,4,4,8,0,0,0,0,2026-08-01T12:26:06.877894Z,2026-08-01T12:26:22.218696Z,2347.867203,
T21-WATCH-29e2b75994975253bd74,P2,T21-WATCH-29e2b75994975253bd74-P2,OBSERVED,local/task21_forward/final_cohort/r2/p2/run=p2-20260801T131100955007Z-1e6e05144f30/member=T21-WATCH-29e2b75994975253bd74/horizon=P2/raw_events.jsonl,65050b7e36b62114b1ed8753dea730eafbcfad70d79053d129758dea87615eec,8,4,4,8,0,0,0,0,2026-08-01T13:11:01.834159Z,2026-08-01T13:11:17.144558Z,5042.823468,
T21-WATCH-61ce24fc3fa04e3eaba7,P0,T21-WATCH-61ce24fc3fa04e3eaba7-P0,OBSERVED,local/task21_forward/final_cohort/r2/run=r2-20260801T114657421057Z-7882ff946449/member=T21-WATCH-61ce24fc3fa04e3eaba7/horizon=P0/raw_events.jsonl,b0f61b312defd68341b1282ad40a80e6dc865ad23a279a85b0dc6abac3a8863f,8,4,4,8,0,0,0,0,2026-08-01T11:47:35.811752Z,2026-08-01T11:47:51.204253Z,0.0,
T21-WATCH-61ce24fc3fa04e3eaba7,P1,T21-WATCH-61ce24fc3fa04e3eaba7-P1,OBSERVED,local/task21_forward/final_cohort/r2/p1/run=p1-20260801T122606020085Z-c66cbd9193f1/member=T21-WATCH-61ce24fc3fa04e3eaba7/horizon=P1/raw_events.jsonl,146d759f9223eb5fcae4ba94a3431765f7c37c1442a2211730a098f4214c5d36,8,4,4,8,0,0,0,0,2026-08-01T12:26:43.697599Z,2026-08-01T12:26:59.211463Z,2347.885847,
T21-WATCH-61ce24fc3fa04e3eaba7,P2,T21-WATCH-61ce24fc3fa04e3eaba7-P2,OBSERVED,local/task21_forward/final_cohort/r2/p2/run=p2-20260801T131100955007Z-1e6e05144f30/member=T21-WATCH-61ce24fc3fa04e3eaba7/horizon=P2/raw_events.jsonl,d66347571e142a68c682492790af799854c95fd646537dddc99fc07d9a44b3d1,8,4,4,8,0,0,0,0,2026-08-01T13:11:38.651668Z,2026-08-01T13:11:54.055152Z,5042.839916,
T21-WATCH-6f21dec76d05f5831216,P0,T21-WATCH-6f21dec76d05f5831216-P0,OBSERVED,local/task21_forward/final_cohort/r2/run=r2-20260801T114657421057Z-7882ff946449/member=T21-WATCH-6f21dec76d05f5831216/horizon=P0/raw_events.jsonl,ce0009934f2bfabf449e62fe2eae6b1cab9ab739084c6025da6095472af4ca01,8,4,4,8,0,0,0,0,2026-08-01T11:47:17.444729Z,2026-08-01T11:47:32.738221Z,0.0,
T21-WATCH-6f21dec76d05f5831216,P1,T21-WATCH-6f21dec76d05f5831216-P1,OBSERVED,local/task21_forward/final_cohort/r2/p1/run=p1-20260801T122606020085Z-c66cbd9193f1/member=T21-WATCH-6f21dec76d05f5831216/horizon=P1/raw_events.jsonl,b84bace925142e8550eb4e75a2e9b45b034732625885ff817ce5941df5983fa0,8,4,4,8,0,0,0,0,2026-08-01T12:26:25.288081Z,2026-08-01T12:26:40.698493Z,2347.843352,
T21-WATCH-6f21dec76d05f5831216,P2,T21-WATCH-6f21dec76d05f5831216-P2,OBSERVED,local/task21_forward/final_cohort/r2/p2/run=p2-20260801T131100955007Z-1e6e05144f30/member=T21-WATCH-6f21dec76d05f5831216/horizon=P2/raw_events.jsonl,6859ba724a7602000cca93435b978fc253b5a80a0c3b2b4ecf4ff3567084e101,8,4,4,8,0,0,0,0,2026-08-01T13:11:20.220302Z,2026-08-01T13:11:35.638603Z,5042.775573,
