member_id,panel_id,panel_state,planned_buy_legs,observed_buy_legs,available_buy_routes,buy_route_availability_rate_observed,eligible_dependent_sell_legs,observed_dependent_sell_legs,available_dependent_sell_routes,sell_route_availability_rate_eligible,quote_notional_capacity_proxy_usd,missing_buy_legs,missing_eligible_sell_legs,actual_elapsed_from_member_p0_seconds,cluster_id,inference_mode
T21-WATCH-29e2b75994975253bd74,P0,OBSERVED,4,4,4,1.000000,4,4,4,1.000000,100,0,0,0.0,T21-R2-SINGLE-NOMINATION-CLUSTER,DESCRIPTIVE_ONLY
T21-WATCH-29e2b75994975253bd74,P1,OBSERVED,4,4,4,1.000000,4,4,4,1.000000,100,0,0,2347.867203,T21-R2-SINGLE-NOMINATION-CLUSTER,DESCRIPTIVE_ONLY
T21-WATCH-29e2b75994975253bd74,P2,OBSERVED,4,4,4,1.000000,4,4,4,1.000000,100,0,0,5042.823468,T21-R2-SINGLE-NOMINATION-CLUSTER,DESCRIPTIVE_ONLY
T21-WATCH-61ce24fc3fa04e3eaba7,P0,OBSERVED,4,4,4,1.000000,4,4,4,1.000000,100,0,0,0.0,T21-R2-SINGLE-NOMINATION-CLUSTER,DESCRIPTIVE_ONLY
T21-WATCH-61ce24fc3fa04e3eaba7,P1,OBSERVED,4,4,4,1.000000,4,4,4,1.000000,100,0,0,2347.885847,T21-R2-SINGLE-NOMINATION-CLUSTER,DESCRIPTIVE_ONLY
T21-WATCH-61ce24fc3fa04e3eaba7,P2,OBSERVED,4,4,4,1.000000,4,4,4,1.000000,100,0,0,5042.839916,T21-R2-SINGLE-NOMINATION-CLUSTER,DESCRIPTIVE_ONLY
T21-WATCH-6f21dec76d05f5831216,P0,OBSERVED,4,4,4,1.000000,4,4,4,1.000000,100,0,0,0.0,T21-R2-SINGLE-NOMINATION-CLUSTER,DESCRIPTIVE_ONLY
T21-WATCH-6f21dec76d05f5831216,P1,OBSERVED,4,4,4,1.000000,4,4,4,1.000000,100,0,0,2347.843352,T21-R2-SINGLE-NOMINATION-CLUSTER,DESCRIPTIVE_ONLY
T21-WATCH-6f21dec76d05f5831216,P2,OBSERVED,4,4,4,1.000000,4,4,4,1.000000,100,0,0,5042.775573,T21-R2-SINGLE-NOMINATION-CLUSTER,DESCRIPTIVE_ONLY
