member_id,panel_id,window_id,tested_notional_usd,buy_input_atomic,buy_status,sell_eligible,sell_status,buy_route_count,sell_route_count,buy_price_impact_pct,sell_price_impact_pct,roundtrip_quote_retention_bps,buy_first_reliable_available_at,sell_first_reliable_available_at,actual_elapsed_from_member_p0_seconds,buy_error_class,sell_error_class
T21-WATCH-29e2b75994975253bd74,P0,T21-WATCH-29e2b75994975253bd74-P0,10,10000000,QUOTE_AVAILABLE,true,QUOTE_AVAILABLE,3,2,0.0158774578305509523377785855,0.0140417900996212316233874615,9703.037,2026-08-01T11:46:59.010691Z,2026-08-01T11:47:01.122461Z,0.0,,
T21-WATCH-29e2b75994975253bd74,P0,T21-WATCH-29e2b75994975253bd74-P0,25,25000000,QUOTE_AVAILABLE,true,QUOTE_AVAILABLE,2,2,0.0197441809032527779577242931,0.0178712028061911320466932878,9627.3504,2026-08-01T11:47:03.321867Z,2026-08-01T11:47:05.600341Z,0.0,,
T21-WATCH-29e2b75994975253bd74,P0,T21-WATCH-29e2b75994975253bd74-P0,50,50000000,QUOTE_AVAILABLE,true,QUOTE_AVAILABLE,2,2,0.0261122327475519007127504206,0.0241374294275889093353631999,9503.8062,2026-08-01T11:47:07.744577Z,2026-08-01T11:47:09.925733Z,0.0,,
T21-WATCH-29e2b75994975253bd74,P0,T21-WATCH-29e2b75994975253bd74-P0,100,100000000,QUOTE_AVAILABLE,true,QUOTE_AVAILABLE,3,2,0.0385794665505593366716219172,0.0361765348662274279731709045,9266.3967,2026-08-01T11:47:12.184896Z,2026-08-01T11:47:14.333631Z,0.0,,
T21-WATCH-29e2b75994975253bd74,P1,T21-WATCH-29e2b75994975253bd74-P1,10,10000000,QUOTE_AVAILABLE,true,QUOTE_AVAILABLE,3,2,0.0103797691124292708068805367,0.0209027212055096973981912656,9689.222,2026-08-01T12:26:06.877894Z,2026-08-01T12:26:09.086299Z,2347.867203,,
T21-WATCH-29e2b75994975253bd74,P1,T21-WATCH-29e2b75994975253bd74-P1,25,25000000,QUOTE_AVAILABLE,true,QUOTE_AVAILABLE,3,2,0.0152475894558204684964948567,0.0255718800731483742046749106,9595.7044,2026-08-01T12:26:11.216736Z,2026-08-01T12:26:13.499328Z,2347.867203,,
T21-WATCH-29e2b75994975253bd74,P1,T21-WATCH-29e2b75994975253bd74-P1,50,50000000,QUOTE_AVAILABLE,true,QUOTE_AVAILABLE,3,2,0.0232443289800450998758383033,0.0333778978584387942663370869,9441.5362,2026-08-01T12:26:15.612794Z,2026-08-01T12:26:17.841377Z,2347.867203,,
T21-WATCH-29e2b75994975253bd74,P1,T21-WATCH-29e2b75994975253bd74-P1,100,100000000,QUOTE_AVAILABLE,true,QUOTE_AVAILABLE,2,2,0.0388161955576196977626492803,0.0480955923609213868448217304,9149.551,2026-08-01T12:26:20.089402Z,2026-08-01T12:26:22.218696Z,2347.867203,,
T21-WATCH-29e2b75994975253bd74,P2,T21-WATCH-29e2b75994975253bd74-P2,10,10000000,QUOTE_AVAILABLE,true,QUOTE_AVAILABLE,2,2,0.015511832772130680926430091,0.0156194535797910964856087666,9691.11,2026-08-01T13:11:01.834159Z,2026-08-01T13:11:03.961256Z,5042.823468,,
T21-WATCH-29e2b75994975253bd74,P2,T21-WATCH-29e2b75994975253bd74-P2,25,25000000,QUOTE_AVAILABLE,true,QUOTE_AVAILABLE,3,2,0.0202218894885072369995113926,0.0202259895286729768039884666,9599.1048,2026-08-01T13:11:06.149069Z,2026-08-01T13:11:08.401725Z,5042.823468,,
T21-WATCH-29e2b75994975253bd74,P2,T21-WATCH-29e2b75994975253bd74-P2,50,50000000,QUOTE_AVAILABLE,true,QUOTE_AVAILABLE,2,2,0.0280007482862223050238188031,0.0277580375357353304450835942,9450.1846,2026-08-01T13:11:10.551416Z,2026-08-01T13:11:12.750902Z,5042.823468,,
T21-WATCH-29e2b75994975253bd74,P2,T21-WATCH-29e2b75994975253bd74-P2,100,100000000,QUOTE_AVAILABLE,true,QUOTE_AVAILABLE,2,3,0.0431494787841547127098818095,0.0421500331782203223250213804,9165.1924,2026-08-01T13:11:15.225493Z,2026-08-01T13:11:17.144558Z,5042.823468,,
T21-WATCH-61ce24fc3fa04e3eaba7,P0,T21-WATCH-61ce24fc3fa04e3eaba7-P0,10,10000000,QUOTE_AVAILABLE,true,QUOTE_AVAILABLE,3,3,0.0294531034514023176578597119,0.0023546482470084864102152455,9682.616,2026-08-01T11:47:35.811752Z,2026-08-01T11:47:38.007940Z,0.0,,
T21-WATCH-61ce24fc3fa04e3eaba7,P0,T21-WATCH-61ce24fc3fa04e3eaba7-P0,25,25000000,QUOTE_AVAILABLE,true,QUOTE_AVAILABLE,3,2,0.0347305180397079641043566261,0.0077403068261505316307510281,9577.98,2026-08-01T11:47:40.192135Z,2026-08-01T11:47:42.405226Z,0.0,,
T21-WATCH-61ce24fc3fa04e3eaba7,P0,T21-WATCH-61ce24fc3fa04e3eaba7-P0,50,50000000,QUOTE_AVAILABLE,true,QUOTE_AVAILABLE,3,2,0.043397818947027856253849252,0.0163920398296727511391785664,9409.2152,2026-08-01T11:47:44.734963Z,2026-08-01T11:47:46.771406Z,0.0,,
T21-WATCH-61ce24fc3fa04e3eaba7,P0,T21-WATCH-61ce24fc3fa04e3eaba7-P0,100,100000000,QUOTE_AVAILABLE,true,QUOTE_AVAILABLE,3,2,0.0602717176160986740282273747,0.0328348555240098450054113709,9088.7244,2026-08-01T11:47:48.944597Z,2026-08-01T11:47:51.204253Z,0.0,,
T21-WATCH-61ce24fc3fa04e3eaba7,P1,T21-WATCH-61ce24fc3fa04e3eaba7-P1,10,10000000,QUOTE_AVAILABLE,true,QUOTE_AVAILABLE,2,2,0.0144215667989287348657124834,0.0181171103177218518154312944,9677.226,2026-08-01T12:26:43.697599Z,2026-08-01T12:26:45.956558Z,2347.885847,,
T21-WATCH-61ce24fc3fa04e3eaba7,P1,T21-WATCH-61ce24fc3fa04e3eaba7-P1,25,25000000,QUOTE_AVAILABLE,true,QUOTE_AVAILABLE,2,2,0.0201717379991904240048736444,0.0237567979038252553097183004,9565.5068,2026-08-01T12:26:48.132028Z,2026-08-01T12:26:50.306481Z,2347.885847,,
T21-WATCH-61ce24fc3fa04e3eaba7,P1,T21-WATCH-61ce24fc3fa04e3eaba7-P1,50,50000000,QUOTE_AVAILABLE,true,QUOTE_AVAILABLE,2,2,0.0295867878944403646679026305,0.0328889092887658397432327158,9384.9738,2026-08-01T12:26:52.586948Z,2026-08-01T12:26:54.804019Z,2347.885847,,
T21-WATCH-61ce24fc3fa04e3eaba7,P1,T21-WATCH-61ce24fc3fa04e3eaba7-P1,100,100000000,QUOTE_AVAILABLE,true,QUOTE_AVAILABLE,3,2,0.0478798033361864953299852417,0.0501239831179261402501383354,9043.9614,2026-08-01T12:26:56.904401Z,2026-08-01T12:26:59.211463Z,2347.885847,,
T21-WATCH-61ce24fc3fa04e3eaba7,P2,T21-WATCH-61ce24fc3fa04e3eaba7-P2,10,10000000,QUOTE_AVAILABLE,true,QUOTE_AVAILABLE,3,2,0.0148894071342523124590994694,0.0181257749079763623427264046,9672.547,2026-08-01T13:11:38.651668Z,2026-08-01T13:11:40.902580Z,5042.839916,,
T21-WATCH-61ce24fc3fa04e3eaba7,P2,T21-WATCH-61ce24fc3fa04e3eaba7-P2,25,25000000,QUOTE_AVAILABLE,true,QUOTE_AVAILABLE,2,3,0.0209045934852089608197554851,0.0241225179462980578003523429,9554.7716,2026-08-01T13:11:43.076488Z,2026-08-01T13:11:45.248070Z,5042.839916,,
T21-WATCH-61ce24fc3fa04e3eaba7,P2,T21-WATCH-61ce24fc3fa04e3eaba7-P2,50,50000000,QUOTE_AVAILABLE,true,QUOTE_AVAILABLE,2,3,0.030908375576972292152960444,0.0337849627402576048880737488,9363.509,2026-08-01T13:11:47.502559Z,2026-08-01T13:11:49.739276Z,5042.839916,,
T21-WATCH-61ce24fc3fa04e3eaba7,P2,T21-WATCH-61ce24fc3fa04e3eaba7-P2,100,100000000,QUOTE_AVAILABLE,true,QUOTE_AVAILABLE,2,3,0.0503071520394427991567645056,0.0519971778945187076818504547,9003.115,2026-08-01T13:11:51.925132Z,2026-08-01T13:11:54.055152Z,5042.839916,,
T21-WATCH-6f21dec76d05f5831216,P0,T21-WATCH-6f21dec76d05f5831216-P0,10,10000000,QUOTE_AVAILABLE,true,QUOTE_AVAILABLE,3,2,0.0200935029295779039552806075,0.0109141577321957850341747798,8528.697,2026-08-01T11:47:17.444729Z,2026-08-01T11:47:19.526994Z,0.0,,
T21-WATCH-6f21dec76d05f5831216,P0,T21-WATCH-6f21dec76d05f5831216-P0,25,25000000,QUOTE_AVAILABLE,true,QUOTE_AVAILABLE,3,2,0.0181903284630149662083759468,0.0105455980693015316253714128,9826.4332,2026-08-01T11:47:21.720001Z,2026-08-01T11:47:24.002832Z,0.0,,
T21-WATCH-6f21dec76d05f5831216,P0,T21-WATCH-6f21dec76d05f5831216-P0,50,50000000,QUOTE_AVAILABLE,true,QUOTE_AVAILABLE,3,2,0.0380656733630640934624374818,0.0136309521288905317873465873,9639.8322,2026-08-01T11:47:26.210618Z,2026-08-01T11:47:28.336130Z,0.0,,
T21-WATCH-6f21dec76d05f5831216,P0,T21-WATCH-6f21dec76d05f5831216-P0,100,100000000,QUOTE_AVAILABLE,true,QUOTE_AVAILABLE,3,2,0.0287483080313073435810491256,0.0176681600410470861967833979,10061.125,2026-08-01T11:47:30.584372Z,2026-08-01T11:47:32.738221Z,0.0,,
T21-WATCH-6f21dec76d05f5831216,P1,T21-WATCH-6f21dec76d05f5831216-P1,10,10000000,QUOTE_AVAILABLE,true,QUOTE_AVAILABLE,3,2,0.011968109347263662360153523,0.0147378751541272529038995522,9734.704,2026-08-01T12:26:25.288081Z,2026-08-01T12:26:27.441859Z,2347.843352,,
T21-WATCH-6f21dec76d05f5831216,P1,T21-WATCH-6f21dec76d05f5831216-P1,25,25000000,QUOTE_AVAILABLE,true,QUOTE_AVAILABLE,3,2,0.0140930043568085553805912698,0.0168410973008254139808735091,9693.0324,2026-08-01T12:26:29.686705Z,2026-08-01T12:26:31.825397Z,2347.843352,,
T21-WATCH-6f21dec76d05f5831216,P1,T21-WATCH-6f21dec76d05f5831216-P1,50,50000000,QUOTE_AVAILABLE,true,QUOTE_AVAILABLE,3,2,0.0176088286261246081133624992,0.0203268839905684272164840076,9624.2222,2026-08-01T12:26:34.018902Z,2026-08-01T12:26:36.302793Z,2347.843352,,
T21-WATCH-6f21dec76d05f5831216,P1,T21-WATCH-6f21dec76d05f5831216-P1,100,100000000,QUOTE_AVAILABLE,true,QUOTE_AVAILABLE,2,2,0.0245683228454954642400209011,0.0271307235292018468211645395,9489.6751,2026-08-01T12:26:38.414709Z,2026-08-01T12:26:40.698493Z,2347.843352,,
T21-WATCH-6f21dec76d05f5831216,P2,T21-WATCH-6f21dec76d05f5831216-P2,10,10000000,QUOTE_AVAILABLE,true,QUOTE_AVAILABLE,2,3,0,0.0311221931195260698334881968,9737.002,2026-08-01T13:11:20.220302Z,2026-08-01T13:11:22.367109Z,5042.775573,,
T21-WATCH-6f21dec76d05f5831216,P2,T21-WATCH-6f21dec76d05f5831216-P2,25,25000000,QUOTE_AVAILABLE,true,QUOTE_AVAILABLE,3,2,0,0.0112106460549054869177653739,9904.5576,2026-08-01T13:11:24.655186Z,2026-08-01T13:11:26.975345Z,5042.775573,,
T21-WATCH-6f21dec76d05f5831216,P2,T21-WATCH-6f21dec76d05f5831216-P2,50,50000000,QUOTE_AVAILABLE,true,QUOTE_AVAILABLE,2,3,0.0233143300974803767224423121,0.0146745983320817112543665989,9623.532,2026-08-01T13:11:28.973459Z,2026-08-01T13:11:31.217625Z,5042.775573,,
T21-WATCH-6f21dec76d05f5831216,P2,T21-WATCH-6f21dec76d05f5831216-P2,100,100000000,QUOTE_AVAILABLE,true,QUOTE_AVAILABLE,3,2,0.0302954397609419765004297001,0.0215739113714187410730170647,9487.8424,2026-08-01T13:11:33.351120Z,2026-08-01T13:11:35.638603Z,5042.775573,,
