record_id,provider,product,plan,role,displayed_price,price_basis,included_allowance,documented_rate_limit,streaming,documented_payment_mode,accepted_asset_or_rail,term_or_renewal,evidence_state,as_of,official_url,initial_decision,purchase_now,notes
"COST-SOLANA-001","Solana Foundation","Public RPC endpoints","Shared public endpoint","Protocol interface/reference","$0","usage","Shared public infrastructure","Rate limited; no production SLA","Standard RPC/WebSocket interface","not_applicable","not_applicable","not_applicable","official_docs","2026-07-18","https://solana.com/docs/references/clusters","REFERENCE_ONLY","false","Not production transport; a managed endpoint still requires TASK-07 validation."
"COST-PUMP-001","Pump","pump-public-docs","Official public repository","Protocol docs and IDL reference","$0","repository access","Public repository","not_applicable","not_applicable","not_applicable","not_applicable","not_applicable","official_repo","2026-07-18","https://github.com/pump-fun/pump-public-docs","ADOPT_AS_REFERENCE","false","Pin commit/checksum later; no repository license was located during this atom, so do not assume code-reuse rights."
"COST-HELIUS-001","Helius","RPC/DAS/Enhanced/WSS","Free","Initial managed raw transport candidate","$0","month","1M monthly credits","RPC 10 RPS; DAS/Enhanced 2 RPS","Standard WebSocket methods","not_applicable_free_plan","not_applicable","free plan","official_docs","2026-07-18","https://www.helius.dev/docs/billing/plans","SHORTLIST_FOR_TASK07","false","No account or key created in TASK-01."
"COST-HELIUS-002","Helius","RPC/DAS/Enhanced/WSS","Developer","Measured-bottleneck upgrade candidate","$49","month","10M monthly credits","RPC 50 RPS; DAS/Enhanced 10 RPS","Standard WebSocket methods; devnet gRPC listed","crypto_direct","USDC on Solana","Manual renewal link available; optional wallet authorization exists but project default is manual only","official_docs","2026-07-18","https://www.helius.dev/docs/billing/plans","DEFER_UNTIL_MEASURED_BOTTLENECK","false","Crypto-payment evidence: https://www.helius.dev/docs/billing/pay-with-crypto."
"COST-HELIUS-003","Helius","RPC/DAS/Enhanced/WSS","Business","Future scale anchor","$499","month","100M monthly credits","RPC 200 RPS","Mainnet gRPC listed","crypto_direct","USDC on Solana","Manual renewal preferred; no autonomous wallet authorization","official_docs","2026-07-18","https://www.helius.dev/docs/billing/plans","EXCLUDED_INITIAL","false","Premature before free-tier measurement and positive research evidence."
"COST-HELIUS-004","Helius","RPC/DAS/Enhanced/WSS","Professional","Future scale anchor","$999","month","200M monthly credits","RPC 500 RPS","Mainnet gRPC listed","crypto_direct","USDC on Solana","Manual renewal preferred; no autonomous wallet authorization","official_docs","2026-07-18","https://www.helius.dev/docs/billing/plans","EXCLUDED_INITIAL","false","Premature before free-tier measurement and positive research evidence."
"COST-JUPITER-001","Jupiter Developer Platform","Swap API v2","Keyless","Executable quote candidate without account","$0","month","Unlimited credits shown for keyless tier","0.5 RPS / 30 requests per minute","not_applicable","not_applicable_free_plan","not_applicable","free access","conflict","2026-07-18","https://developers.jup.ag/docs/portal/plans","TASK07_CONTROLLED_AUTH_RESOLUTION","false","Plans documents keyless access while Swap overview says all endpoints require x-api-key."
"COST-JUPITER-002","Jupiter Developer Platform","Swap API v2","Free","Executable quote candidate with API key","$0","month","Unlimited credits","1 RPS","not_applicable","not_applicable_free_plan","not_applicable","free plan","official_docs","2026-07-18","https://developers.jup.ag/docs/portal/plans","SHORTLIST_FOR_TASK07","false","Account/key state remains NOT_CREATED."
"COST-JUPITER-003","Jupiter Developer Platform","Swap API v2","Developer","Measured quote-throughput upgrade candidate","$25","month","25M credits","10 RPS","not_applicable","crypto_documented_processor","USDC on Solana via documented MoonPay flow","Monthly plan; checkout/renewal must be rechecked before purchase","official_docs","2026-07-18","https://developers.jup.ag/docs/portal/plans","DEFER_UNTIL_MEASURED_BOTTLENECK","false","Order/build cost one credit per request; execute is documented as zero credits."
"COST-JUPITER-004","Jupiter Developer Platform","Swap API v2","Launch","Future scale anchor","$100","month","100M credits","50 RPS","not_applicable","crypto_documented_processor","USDC on Solana via documented MoonPay flow","Monthly plan; checkout/renewal must be rechecked before purchase","official_docs","2026-07-18","https://developers.jup.ag/docs/portal/plans","EXCLUDED_INITIAL","false","Not justified until quote-panel demand is measured."
"COST-JUPITER-005","Jupiter Developer Platform","Swap API v2","Pro","Future scale anchor","$500","month","500M credits","150 RPS","not_applicable","crypto_documented_processor","USDC on Solana via documented MoonPay flow","Monthly plan; checkout/renewal must be rechecked before purchase","official_docs","2026-07-18","https://developers.jup.ag/docs/portal/plans","EXCLUDED_INITIAL","false","Not justified until quote-panel demand and alpha evidence are measured."
"COST-TRACKER-001","Solana Tracker","Data API","Free","Indexed discovery/enrichment comparison","€0","month","10,000 requests per month","3 RPS","No Datastream","not_applicable_free_plan","not_applicable","free plan","official_docs","2026-07-18","https://docs.solanatracker.io/pricing","SHORTLIST_FOR_TASK07","false","Paid upgrade payment rail is not stated in public docs."
"COST-TRACKER-002","Solana Tracker","Data API","Advanced","Possible measured upgrade","€50","month","200,000 requests per month","NOT_CAPTURED_THIS_ATOM","No Datastream","unknown","UNKNOWN","Recheck dashboard and payment rail before decision","official_dashboard_needed","2026-07-18","https://docs.solanatracker.io/pricing","DEFER_UNTIL_MEASURED_BOTTLENECK","false","Unknown payment rail receives no assumed crypto compatibility."
"COST-TRACKER-003","Solana Tracker","Data API","Pro","Future scale anchor","€200","month","1M requests per month","NOT_CAPTURED_THIS_ATOM","No Datastream","unknown","UNKNOWN","Recheck dashboard and payment rail before decision","official_dashboard_needed","2026-07-18","https://docs.solanatracker.io/pricing","EXCLUDED_INITIAL","false","No purchase before coverage and revision semantics are measured."
"COST-TRACKER-004","Solana Tracker","Data API","Premium","Datastream threshold plan","€397","month","10M requests per month","NOT_CAPTURED_THIS_ATOM","Datastream included","unknown","UNKNOWN","Recheck dashboard and payment rail before decision","official_dashboard_needed","2026-07-18","https://docs.solanatracker.io/pricing","EXCLUDED_INITIAL","false","T2-like infrastructure is premature; no Datastream purchase."
"COST-TRACKER-005","Solana Tracker","Data API","Business","Future scale anchor","€599","month","25M requests per month","NOT_CAPTURED_THIS_ATOM","Datastream included","unknown","UNKNOWN","Recheck dashboard and payment rail before decision","official_dashboard_needed","2026-07-18","https://docs.solanatracker.io/pricing","EXCLUDED_INITIAL","false","Not justified by current collection budget."
"COST-TRACKER-006","Solana Tracker","Data API","Enterprise","Future scale anchor","€1,499","month","100M requests per month","NOT_CAPTURED_THIS_ATOM","Datastream included","unknown","UNKNOWN","Recheck dashboard and payment rail before decision","official_dashboard_needed","2026-07-18","https://docs.solanatracker.io/pricing","EXCLUDED_INITIAL","false","Not justified by current research stage."
"COST-RAPTOR-001","Solana Tracker","Raptor hosted API","Public Beta","Independent unsigned quote comparison candidate","$0 currently stated","public beta period","No documented quota","No rate limits currently stated","not_applicable","not_applicable_current_beta","not_applicable","Beta terms and future pricing unknown","official_docs","2026-07-18","https://docs.solanatracker.io/raptor/overview","WRAP_FOR_TASK07_COMPARISON_AFTER_DUE_DILIGENCE","false","Free/no-rate-limit beta is mutable and is not an SLA; do not treat as equivalent fillability proof before controlled comparison."
"COST-RAPTOR-002","Solana Tracker","Raptor self-hosted binary","Self-hosted","Possible independent router fallback","$0 licensing fees stated","software license/usage","Local compute and operations excluded","No API-key or service rate limit stated","not_applicable","not_applicable","not_applicable","Binary/version/license and supply-chain review required","official_docs","2026-07-18","https://docs.solanatracker.io/pricing","DEFER","false","Zero license price is not zero TCO; do not deploy before TASK-04/07 due diligence."
"COST-BIRDEYE-001","Birdeye","Data Services API","Standard","Secondary indexed comparison","$0","month","30,000 compute units","1 RPS","No WebSocket entitlement documented for Standard","not_applicable_free_plan","not_applicable","free plan","official_docs","2026-07-18","https://docs.birdeye.so/docs/pricing","DEFER_UNLESS_PRIMARY_GAP","false","Secondary because it duplicates much indexed coverage."
"COST-BIRDEYE-002","Birdeye","Data Services API","Lite","Possible short paid comparison","$39","month","1.5M compute units","15 RPS","Package-dependent","crypto_direct_via_contact","USDC or USDT","Crypto route documented only for 3/6/12-month subscriptions","official_docs","2026-07-18","https://docs.birdeye.so/docs/payment","EXCLUDED_INITIAL","false","Long prepayment conflicts with cheap-falsification stage."
"COST-BIRDEYE-003","Birdeye","Data Services API","Starter","Future scale anchor","$99","month","5M compute units","15 RPS","Package-dependent","crypto_direct_via_contact","USDC or USDT","Crypto route documented only for 3/6/12-month subscriptions","official_docs","2026-07-18","https://docs.birdeye.so/docs/payment","EXCLUDED_INITIAL","false","No paid account before a named measured gap."
"COST-BIRDEYE-004","Birdeye","Data Services API","Premium","WebSocket threshold plan","$199","month","15M compute units","50 RPS","WebSocket included","crypto_direct_via_contact","USDC or USDT","Crypto route documented only for 3/6/12-month subscriptions","official_docs","2026-07-18","https://docs.birdeye.so/docs/payment","EXCLUDED_INITIAL","false","Premature streaming and prepayment commitment."
"COST-BIRDEYE-005","Birdeye","Data Services API","Business","Future scale anchor","$499","month","60M compute units","100 RPS","WebSocket included","crypto_direct_via_contact","USDC or USDT","Crypto route documented only for 3/6/12-month subscriptions","official_docs","2026-07-18","https://docs.birdeye.so/docs/payment","EXCLUDED_INITIAL","false","Premature for single-user research stage."
"COST-BIRDEYE-006","Birdeye","x402 Pay-Per-Request API","Current official path","Targeted keyless data access","Route-specific price not published on overview","request","Pay per successful request; no subscription","100 RPS per IP before payment verification","No WebSocket contract documented","crypto_direct_x402","USDC on Solana","No API key or subscription; payment terms returned per request","official_docs","2026-07-18","https://docs.birdeye.so/reference/x402","DEFER_UNTIL_COST_AND_SIGNER_GATE","false","Requires a client-held wallet and signed payment payload; no request, signing or payment is authorized in TASK-01. Numeric route prices and full TCO remain unknown."
"COST-DUNE-001","Dune","Solana data catalog","Reference catalog","Historical discovery/backfill/cross-check","NOT_ASSESSED","reference-only in TASK-01","Raw and decoded Solana datasets documented","Query/runtime limits not costed in this atom","not_applicable","unknown","UNKNOWN","No procurement decision; cost/entitlement recheck only if selected for implementation","official_docs","2026-07-18","https://docs.dune.com/data-catalog/solana/overview","ADOPT_AS_REFERENCE_ONLY","false","Does not reconstruct historical observed_at/available_to_strategy_at or executable quotes."
